<?xml version="1.0" encoding="UTF-8"?>
<od:definitions xmlns:od="http://tk/schema/od" xmlns:odDi="http://tk/schema/odDi" xmlns:dc="http://www.omg.org/spec/DD/20100524/DC">
  <od:odBoard id="Board">
    <od:class name="Flat" id="Object_0rpmmq0" attributeValues="" caseClass="true" type="od:Class">
      <od:associations>Association_0lh8kzr</od:associations>
    </od:class>
    <od:class name="Room" id="Object_0m2dky8" attributeValues="" caseClass="false" type="od:Class">
      <od:associations>Association_107i93m</od:associations>
      <od:associations>Association_0iepy3j</od:associations>
    </od:class>
    <od:class name="Paint" id="Object_0hq0meb" attributeValues="" caseClass="false" type="od:Class" />
    <od:class name="Tiles" id="Object_0il7hh9" attributeValues="" caseClass="false" type="od:Class" />
    <od:association id="Association_0lh8kzr" type="od:Association" sourceCardinality="1..1" targetCardinality="0..5" sourceRef="Object_0rpmmq0" targetRef="Object_0m2dky8" inheritance="false" />
    <od:association id="Association_107i93m" type="od:Association" sourceCardinality="1..1" targetCardinality="0..1" sourceRef="Object_0m2dky8" targetRef="Object_0hq0meb" inheritance="false" />
    <od:association id="Association_0iepy3j" type="od:Association" sourceCardinality="1..1" targetCardinality="0..1" sourceRef="Object_0m2dky8" targetRef="Object_0il7hh9" inheritance="false" />
  </od:odBoard>
  <odDi:odRootBoard id="RootBoard">
    <odDi:odPlane id="Plane" boardElement="Board">
      <odDi:association id="Association_0lh8kzr_di" boardElement="Association_0lh8kzr">
        <odDi:waypoint x="125" y="0" />
        <odDi:waypoint x="175" y="0" />
        <odDi:odSourceLabel>
          <dc:Bounds x="130" y="-20" width="26" height="18" />
        </odDi:odSourceLabel>
        <odDi:odTargetLabel>
          <dc:Bounds x="149" y="1" width="26" height="18" />
        </odDi:odTargetLabel>
      </odDi:association>
      <odDi:association id="Association_107i93m_di" boardElement="Association_107i93m">
        <odDi:waypoint x="325" y="-20" />
        <odDi:waypoint x="380" y="-20" />
        <odDi:waypoint x="380" y="-55" />
        <odDi:waypoint x="420" y="-55" />
        <odDi:odSourceLabel>
          <dc:Bounds x="339" y="-40" width="26" height="18" />
        </odDi:odSourceLabel>
        <odDi:odTargetLabel>
          <dc:Bounds x="389" y="-54" width="26" height="18" />
        </odDi:odTargetLabel>
      </odDi:association>
      <odDi:association id="Association_0iepy3j_di" boardElement="Association_0iepy3j">
        <odDi:waypoint x="325" y="30" />
        <odDi:waypoint x="380" y="30" />
        <odDi:waypoint x="380" y="50" />
        <odDi:waypoint x="420" y="50" />
        <odDi:odSourceLabel>
          <dc:Bounds x="339" y="41" width="26" height="18" />
        </odDi:odSourceLabel>
        <odDi:odTargetLabel>
          <dc:Bounds x="389" y="51" width="26" height="18" />
        </odDi:odTargetLabel>
      </odDi:association>
      <odDi:odShape id="Object_0rpmmq0_di" boardElement="Object_0rpmmq0">
        <dc:Bounds x="-25" y="-45" width="150" height="90" />
      </odDi:odShape>
      <odDi:odShape id="Object_0m2dky8_di" boardElement="Object_0m2dky8">
        <dc:Bounds x="175" y="-45" width="150" height="90" />
      </odDi:odShape>
      <odDi:odShape id="Object_0hq0meb_di" boardElement="Object_0hq0meb">
        <dc:Bounds x="420" y="-100" width="150" height="90" />
      </odDi:odShape>
      <odDi:odShape id="Object_0il7hh9_di" boardElement="Object_0il7hh9">
        <dc:Bounds x="420" y="30" width="150" height="90" />
      </odDi:odShape>
    </odDi:odPlane>
  </odDi:odRootBoard>
</od:definitions>
