<?xml version="1.0" encoding="UTF-8"?>
<om:definitions xmlns:om="http://tk/schema/od" xmlns:odDi="http://tk/schema/odDi" xmlns:dc="http://www.omg.org/spec/DD/20100524/DC">
  <om:odBoard id="Board" />
  <om:odBoard id="OdBoard_13zk8bh">
    <om:object id="Object_1eg6u5q" states="State_7bg5viykz8lqgbqk436x2c9sq" classRef="Object_0m2dky8" instance="ObjectInstance_0k9wusq" />
  </om:odBoard>
  <om:objectInstance name="R1" id="ObjectInstance_0k9wusq" classRef="Object_0m2dky8" />
  <odDi:odRootBoard id="StartBoard" name="Start State" objectiveRef="start_state">
    <odDi:odPlane id="Plane" boardElement="Board" />
  </odDi:odRootBoard>
  <odDi:odRootBoard id="OdRootBoard_0oilb43" name="Objective 1" objectiveRef="Objective_0d07560bnm6cb60009r8jw7v1">
    <odDi:odPlane id="OdPlane_10nlmnl" boardElement="OdBoard_13zk8bh">
      <odDi:odShape id="Object_1eg6u5q_di" boardElement="Object_1eg6u5q">
        <dc:Bounds x="320" y="180" width="150" height="90" />
      </odDi:odShape>
    </odDi:odPlane>
  </odDi:odRootBoard>
</om:definitions>
