<?xml version="1.0" encoding="UTF-8"?>
<olc:definitions xmlns:olc="http://bptlab/schema/olc" xmlns:olcDi="http://bptlab/schema/olcDi">
  <olc:olc name="Flat" id="Olc_b8hbddfif4d29g01qmehtv80v" classRef="Object_0rpmmq0">
    <olc:state name="in progress" id="State_8jbfen2nc409dumvo2siho54w" type="olc:State" x="0" y="-50" />
    <olc:state name="accepted" id="State_2yys6k88u7fj7b47r9va3qen7" type="olc:State" x="154" y="-117" />
    <olc:state name="rejected" id="State_aefmd6c6x7w5u1z9hmixc85v5" type="olc:State" x="152" y="0" />
    <olc:transition id="Transition_bb5hyugqhfjqgn0wm3ds8lt2g" sourceState="State_8jbfen2nc409dumvo2siho54w" targetState="State_2yys6k88u7fj7b47r9va3qen7" type="olc:Transition" source="[object Object]" target="[object Object]" waypoints="[object Object],[object Object]" />
    <olc:transition id="Transition_7ltueodi6yfas6f9ldkj8zo72" sourceState="State_8jbfen2nc409dumvo2siho54w" targetState="State_aefmd6c6x7w5u1z9hmixc85v5" type="olc:Transition" source="[object Object]" target="[object Object]" waypoints="[object Object],[object Object]" />
  </olc:olc>
  <olc:olc name="Room" id="Olc_01nfg72y7sb5fluzdof4q3f5z" classRef="Object_0m2dky8">
    <olc:state name="cleaned" id="State_7bg5viykz8lqgbqk436x2c9sq" type="olc:State" x="0" y="-50" />
    <olc:state name="tiles laid" id="State_5xpxhwyijhwubutd4ul83185l" type="olc:State" x="151" y="-118" />
    <olc:state name="painted &#38; tiles laid" id="State_7e76ny6ii47mttcj94wy9yjiy" type="olc:State" x="309" y="16" />
    <olc:state name="painted" id="State_1jlb0p9b7qzijurv43zjnjl77" type="olc:State" x="155" y="82" />
    <olc:transition id="Transition_4823rtvgxyiafmnb25l96ptku" sourceState="State_7bg5viykz8lqgbqk436x2c9sq" targetState="State_1jlb0p9b7qzijurv43zjnjl77" type="olc:Transition" source="[object Object]" target="[object Object]" waypoints="[object Object],[object Object]" />
    <olc:transition id="Transition_drw4z1otm7zlzwrmlpgeuwdwq" sourceState="State_7bg5viykz8lqgbqk436x2c9sq" targetState="State_7e76ny6ii47mttcj94wy9yjiy" type="olc:Transition" source="[object Object]" target="[object Object]" waypoints="[object Object],[object Object]" />
    <olc:transition id="Transition_0gvohu45psmh9vk5t6pw4fo9u" sourceState="State_7bg5viykz8lqgbqk436x2c9sq" targetState="State_5xpxhwyijhwubutd4ul83185l" type="olc:Transition" />
    <olc:transition id="Transition_be2nuedevpbuci5pey37422ux" sourceState="State_5xpxhwyijhwubutd4ul83185l" targetState="State_7e76ny6ii47mttcj94wy9yjiy" type="olc:Transition" />
    <olc:transition id="Transition_adrj02ffid65fqxaikgkew4nd" sourceState="State_1jlb0p9b7qzijurv43zjnjl77" targetState="State_7e76ny6ii47mttcj94wy9yjiy" type="olc:Transition" />
  </olc:olc>
  <olc:olc name="Paint" id="Olc_8deg9qo7f6xden6z1e8ooqmol" classRef="Object_0hq0meb">
    <olc:state name="dry" id="State_dqlwjzukw9xzmf4fe5k2bo6z2" type="olc:State" x="0" y="-50" />
  </olc:olc>
  <olc:olc name="Tiles" id="Olc_8cy4242yoszaj7mj71se686v5" classRef="Object_0il7hh9">
    <olc:state name="laid" id="State_7w83zdx1hfi1j104bg1x0e6nv" type="olc:State" x="0" y="-50" />
  </olc:olc>
</olc:definitions>
