<?xml version="1.0" encoding="UTF-8"?>
<rem:definitions xmlns:rem="http://tk/schema/od" xmlns:odDi="http://tk/schema/odDi" xmlns:dc="http://www.omg.org/spec/DD/20100524/DC">
  <rem:odBoard id="Board">
    <rem:resource name="Anna" id="Object_05to6sr" capacity="1" availabilityStart="" availabilityEnd="" type="rem:Resource">
      <rem:roles>Role_01np3wa</rem:roles>
      <rem:roles>Role_0xy4x9x</rem:roles>
    </rem:resource>
    <rem:resource name="Bert" id="Object_190ehqu" capacity="1" availabilityStart="" availabilityEnd="" type="rem:Resource">
      <rem:roles>Role_0xy4x9x</rem:roles>
      <rem:roles>Role_15fmy6s</rem:roles>
    </rem:resource>
    <rem:resource name="Clara" id="Object_1w7jaf0" capacity="1" availabilityStart="" availabilityEnd="" type="rem:Resource">
      <rem:roles>Role_15fmy6s</rem:roles>
    </rem:resource>
  </rem:odBoard>
  <odDi:odRootBoard id="StartBoard">
    <odDi:odPlane id="Plane" boardElement="Board">
      <odDi:odShape id="Object_05to6sr_di" boardElement="Object_05to6sr">
        <dc:Bounds x="70" y="140" width="190" height="90" />
      </odDi:odShape>
      <odDi:odShape id="Object_190ehqu_di" boardElement="Object_190ehqu">
        <dc:Bounds x="280" y="140" width="190" height="90" />
      </odDi:odShape>
      <odDi:odShape id="Object_1w7jaf0_di" boardElement="Object_1w7jaf0">
        <dc:Bounds x="490" y="140" width="190" height="90" />
      </odDi:odShape>
    </odDi:odPlane>
  </odDi:odRootBoard>
</rem:definitions>
