<?xml version="1.0" encoding="UTF-8"?>
<om:definitions xmlns:om="http://tk/schema/od" xmlns:odDi="http://tk/schema/odDi" xmlns:dc="http://www.omg.org/spec/DD/20100524/DC">
  <om:odBoard id="Board">
    <om:object id="Object_0ynbich" states="State_8jbfen2nc409dumvo2siho54w" classRef="Object_0rpmmq0" instance="ObjectInstance_0zasj2e">
      <om:links>Link_0u08c16</om:links>
    </om:object>
    <om:object id="Object_1r25d1i" states="State_7bg5viykz8lqgbqk436x2c9sq" classRef="Object_0m2dky8" instance="ObjectInstance_0k9wusq" />
    <om:link id="Link_0u08c16" sourceRef="Object_0ynbich" targetRef="Object_1r25d1i" />
    <om:object id="Object_1n7eevn" states="State_8jbfen2nc409dumvo2siho54w" classRef="Object_0rpmmq0" instance="ObjectInstance_18zuhf8">
      <om:links>Link_1k4ykca</om:links>
      <om:links>Link_0m0zyxj</om:links>
    </om:object>
    <om:object id="Object_0f8j3yw" states="State_5xpxhwyijhwubutd4ul83185l" classRef="Object_0m2dky8" instance="ObjectInstance_0pj6qgz">
      <om:links>Link_04eg9cl</om:links>
    </om:object>
    <om:link id="Link_1k4ykca" sourceRef="Object_1n7eevn" targetRef="Object_0f8j3yw" />
    <om:object id="Object_1gpmu4c" states="State_1jlb0p9b7qzijurv43zjnjl77" classRef="Object_0m2dky8" instance="ObjectInstance_0c7xzgm">
      <om:links>Link_00lknon</om:links>
    </om:object>
    <om:link id="Link_0m0zyxj" sourceRef="Object_1n7eevn" targetRef="Object_1gpmu4c" />
    <om:object id="Object_17b8cpt" states="State_dqlwjzukw9xzmf4fe5k2bo6z2" classRef="Object_0hq0meb" instance="ObjectInstance_0fl1zs9" />
    <om:link id="Link_00lknon" sourceRef="Object_1gpmu4c" targetRef="Object_17b8cpt" />
    <om:object id="Object_0jpsffj" states="State_7w83zdx1hfi1j104bg1x0e6nv" classRef="Object_0il7hh9" instance="ObjectInstance_1dr2ct1" />
    <om:link id="Link_04eg9cl" sourceRef="Object_0f8j3yw" targetRef="Object_0jpsffj" />
  </om:odBoard>
  <om:odBoard id="OdBoard_13zk8bh">
    <om:object id="Object_1eg6u5q" states="State_7bg5viykz8lqgbqk436x2c9sq" classRef="Object_0m2dky8" instance="ObjectInstance_0k9wusq" />
  </om:odBoard>
  <om:objectInstance name="Room1" id="ObjectInstance_0k9wusq" classRef="Object_0m2dky8" />
  <om:objectInstance name="Flat1" id="ObjectInstance_0zasj2e" classRef="Object_0rpmmq0" />
  <om:objectInstance name="Flat2" id="ObjectInstance_18zuhf8" classRef="Object_0rpmmq0" />
  <om:objectInstance name="Room2" id="ObjectInstance_0pj6qgz" classRef="Object_0m2dky8" />
  <om:objectInstance name="Room3" id="ObjectInstance_0c7xzgm" classRef="Object_0m2dky8" />
  <om:objectInstance name="Paint1" id="ObjectInstance_0fl1zs9" classRef="Object_0hq0meb" />
  <om:objectInstance name="Tiles1" id="ObjectInstance_1dr2ct1" classRef="Object_0il7hh9" />
  <odDi:odRootBoard id="StartBoard" name="Start State" objectiveRef="start_state">
    <odDi:odPlane id="Plane" boardElement="Board">
      <odDi:link id="Link_04eg9cl_di" boardElement="Link_04eg9cl">
        <odDi:waypoint x="1110" y="565" />
        <odDi:waypoint x="1190" y="565" />
      </odDi:link>
      <odDi:link id="Link_00lknon_di" boardElement="Link_00lknon">
        <odDi:waypoint x="1110" y="675" />
        <odDi:waypoint x="1190" y="675" />
      </odDi:link>
      <odDi:link id="Link_0m0zyxj_di" boardElement="Link_0m0zyxj">
        <odDi:waypoint x="840" y="565" />
        <odDi:waypoint x="900" y="565" />
        <odDi:waypoint x="900" y="675" />
        <odDi:waypoint x="960" y="675" />
      </odDi:link>
      <odDi:link id="Link_1k4ykca_di" boardElement="Link_1k4ykca">
        <odDi:waypoint x="840" y="565" />
        <odDi:waypoint x="960" y="565" />
      </odDi:link>
      <odDi:link id="Link_0u08c16_di" boardElement="Link_0u08c16">
        <odDi:waypoint x="840" y="395" />
        <odDi:waypoint x="960" y="395" />
      </odDi:link>
      <odDi:odShape id="Object_0ynbich_di" boardElement="Object_0ynbich">
        <dc:Bounds x="690" y="350" width="150" height="90" />
      </odDi:odShape>
      <odDi:odShape id="Object_1r25d1i_di" boardElement="Object_1r25d1i">
        <dc:Bounds x="960" y="350" width="150" height="90" />
      </odDi:odShape>
      <odDi:odShape id="Object_1n7eevn_di" boardElement="Object_1n7eevn">
        <dc:Bounds x="690" y="520" width="150" height="90" />
      </odDi:odShape>
      <odDi:odShape id="Object_0f8j3yw_di" boardElement="Object_0f8j3yw">
        <dc:Bounds x="960" y="520" width="150" height="90" />
      </odDi:odShape>
      <odDi:odShape id="Object_1gpmu4c_di" boardElement="Object_1gpmu4c">
        <dc:Bounds x="960" y="630" width="150" height="90" />
      </odDi:odShape>
      <odDi:odShape id="Object_17b8cpt_di" boardElement="Object_17b8cpt">
        <dc:Bounds x="1190" y="630" width="150" height="90" />
      </odDi:odShape>
      <odDi:odShape id="Object_0jpsffj_di" boardElement="Object_0jpsffj">
        <dc:Bounds x="1190" y="520" width="150" height="90" />
      </odDi:odShape>
    </odDi:odPlane>
  </odDi:odRootBoard>
  <odDi:odRootBoard id="OdRootBoard_0oilb43" name="Objective 1" objectiveRef="Objective_0d07560bnm6cb60009r8jw7v1">
    <odDi:odPlane id="OdPlane_10nlmnl" boardElement="OdBoard_13zk8bh">
      <odDi:odShape id="Object_1eg6u5q_di" boardElement="Object_1eg6u5q">
        <dc:Bounds x="320" y="180" width="150" height="90" />
      </odDi:odShape>
    </odDi:odPlane>
  </odDi:odRootBoard>
</om:definitions>
