<?xml version="1.0" encoding="UTF-8"?>
<rom:definitions xmlns:rom="http://tk/schema/od" xmlns:odDi="http://tk/schema/odDi" xmlns:dc="http://www.omg.org/spec/DD/20100524/DC">
  <rom:odBoard id="Board_debug">
    <rom:role name="FM-Team" id="Role_01np3wa" type="rom:Role" />
    <rom:role name="Painter" id="Role_0xy4x9x" type="rom:Role" />
    <rom:role name="Tiler" id="Role_15fmy6s" type="rom:Role" />
  </rom:odBoard>
  <odDi:odRootBoard id="RootBoard_debug">
    <odDi:odPlane id="Plane_debug" boardElement="Board_debug">
      <odDi:odShape id="Role_01np3wa_di" boardElement="Role_01np3wa">
        <dc:Bounds x="-25" y="-45" width="150" height="90" />
      </odDi:odShape>
      <odDi:odShape id="Role_0xy4x9x_di" boardElement="Role_0xy4x9x">
        <dc:Bounds x="175" y="-45" width="150" height="90" />
      </odDi:odShape>
      <odDi:odShape id="Role_15fmy6s_di" boardElement="Role_15fmy6s">
        <dc:Bounds x="375" y="-45" width="150" height="90" />
      </odDi:odShape>
    </odDi:odPlane>
  </odDi:odRootBoard>
</rom:definitions>
