<?xml version="1.0" encoding="UTF-8"?>
<od:definitions xmlns:od="http://tk/schema/od" xmlns:odDi="http://tk/schema/odDi" xmlns:dc="http://www.omg.org/spec/DD/20100524/DC">
  <od:odBoard id="Board">
    <od:class name="House" id="Object_1ttsqfe" attributeValues="" caseClass="true" type="od:Class">
      <od:associations>Association_0zj3msp</od:associations>
    </od:class>
    <od:class name="Apartment" id="Object_15yyklw" attributeValues="" caseClass="false" type="od:Class">
      <od:associations>Association_0osrqz2</od:associations>
      <od:associations>Association_1x8qoir</od:associations>
      <od:associations>Association_0b04ewc</od:associations>
    </od:class>
    <od:class name="Paint" id="Object_0g1grzv" attributeValues="" caseClass="false" type="od:Class" />
    <od:class name="Tiles" id="Object_1hu4yfy" attributeValues="" caseClass="false" type="od:Class" />
    <od:class name="Kitchen" id="Object_1eyc0p9" attributeValues="" caseClass="false" type="od:Class" />
    <od:class name="Staircase" id="Object_0jrqx7d" attributeValues="" caseClass="false" type="od:Class">
      <od:associations>Association_0mubyoq</od:associations>
    </od:class>
    <od:association id="Association_0zj3msp" type="od:Association" sourceCardinality="1..1" targetCardinality="0..*" sourceRef="Object_1ttsqfe" targetRef="Object_15yyklw" inheritance="false" />
    <od:association id="Association_0osrqz2" type="od:Association" sourceCardinality="1..1" targetCardinality="0..1" sourceRef="Object_15yyklw" targetRef="Object_0g1grzv" inheritance="false" />
    <od:association id="Association_1x8qoir" type="od:Association" sourceCardinality="1..1" targetCardinality="0..*" sourceRef="Object_15yyklw" targetRef="Object_1hu4yfy" inheritance="false" />
    <od:association id="Association_0b04ewc" type="od:Association" sourceCardinality="1..1" targetCardinality="0..1" sourceRef="Object_15yyklw" targetRef="Object_1eyc0p9" inheritance="false" />
    <od:association id="Association_0mubyoq" type="od:Association" sourceCardinality="0..1" targetCardinality="1..1" sourceRef="Object_0jrqx7d" targetRef="Object_1ttsqfe" inheritance="false" />
  </od:odBoard>
  <odDi:odRootBoard id="RootBoard">
    <odDi:odPlane id="Plane" boardElement="Board">
      <odDi:association id="Association_0mubyoq_di" boardElement="Association_0mubyoq">
        <odDi:waypoint x="375" y="-135" />
        <odDi:waypoint x="325" y="-135" />
        <odDi:odSourceLabel>
          <dc:Bounds x="362" y="-134" width="26" height="18" />
        </odDi:odSourceLabel>
        <odDi:odTargetLabel>
          <dc:Bounds x="312" y="-134" width="26" height="18" />
        </odDi:odTargetLabel>
      </odDi:association>
      <odDi:association id="Association_0b04ewc_di" boardElement="Association_0b04ewc">
        <odDi:waypoint x="175" y="0" />
        <odDi:waypoint x="130" y="0" />
        <odDi:odSourceLabel>
          <dc:Bounds x="149" y="-20" width="26" height="18" />
        </odDi:odSourceLabel>
        <odDi:odTargetLabel>
          <dc:Bounds x="130" y="1" width="26" height="18" />
        </odDi:odTargetLabel>
      </odDi:association>
      <odDi:association id="Association_1x8qoir_di" boardElement="Association_1x8qoir">
        <odDi:waypoint x="250" y="45" />
        <odDi:waypoint x="250" y="100" />
        <odDi:odSourceLabel>
          <dc:Bounds x="260" y="46" width="26" height="18" />
        </odDi:odSourceLabel>
        <odDi:odTargetLabel>
          <dc:Bounds x="262" y="80" width="23" height="18" />
        </odDi:odTargetLabel>
      </odDi:association>
      <odDi:association id="Association_0osrqz2_di" boardElement="Association_0osrqz2">
        <odDi:waypoint x="325" y="0" />
        <odDi:waypoint x="375" y="0" />
        <odDi:odSourceLabel>
          <dc:Bounds x="330" y="-20" width="26" height="18" />
        </odDi:odSourceLabel>
        <odDi:odTargetLabel>
          <dc:Bounds x="350" y="1" width="26" height="18" />
        </odDi:odTargetLabel>
      </odDi:association>
      <odDi:association id="Association_0zj3msp_di" boardElement="Association_0zj3msp">
        <odDi:waypoint x="250" y="-90" />
        <odDi:waypoint x="250" y="-45" />
        <odDi:odSourceLabel>
          <dc:Bounds x="237" y="-89" width="26" height="18" />
        </odDi:odSourceLabel>
        <odDi:odTargetLabel>
          <dc:Bounds x="238" y="-44" width="23" height="18" />
        </odDi:odTargetLabel>
      </odDi:association>
      <odDi:odShape id="Object_1ttsqfe_di" boardElement="Object_1ttsqfe">
        <dc:Bounds x="175" y="-180" width="150" height="90" />
      </odDi:odShape>
      <odDi:odShape id="Object_15yyklw_di" boardElement="Object_15yyklw">
        <dc:Bounds x="175" y="-45" width="150" height="90" />
      </odDi:odShape>
      <odDi:odShape id="Object_0g1grzv_di" boardElement="Object_0g1grzv">
        <dc:Bounds x="375" y="-45" width="150" height="90" />
      </odDi:odShape>
      <odDi:odShape id="Object_1hu4yfy_di" boardElement="Object_1hu4yfy">
        <dc:Bounds x="175" y="100" width="150" height="90" />
      </odDi:odShape>
      <odDi:odShape id="Object_1eyc0p9_di" boardElement="Object_1eyc0p9">
        <dc:Bounds x="-20" y="-45" width="150" height="90" />
      </odDi:odShape>
      <odDi:odShape id="Object_0jrqx7d_di" boardElement="Object_0jrqx7d">
        <dc:Bounds x="375" y="-180" width="150" height="90" />
      </odDi:odShape>
    </odDi:odPlane>
  </odDi:odRootBoard>
</od:definitions>
