<?xml version="1.0" encoding="UTF-8"?>
<olc:definitions xmlns:olc="http://bptlab/schema/olc" xmlns:olcDi="http://bptlab/schema/olcDi">
  <olc:goal id="MainGoal">
    <olc:objective name="Objective 1" id="start_state" type="dep:Objective" x="335" y="206" />
    <olc:objective name="Objective 2" id="Objective_cf5ax48w778ai6bswgsk1y224" type="dep:Objective" x="472" y="132" />
    <olc:objective name="Objective 3" id="Objective_e33evq388o7vsrj57ev6oq8eb" type="dep:Objective" x="477" y="288" />
    <olc:objective name="Objective 4" id="Objective_63smx9y6lmhmdug1vflicg3lc" type="dep:Objective" x="605" y="212" />
    <olc:dependency name="undefined" id="Dependency_67awgnw25heg8199mrahmywcc" sourceObjective="start_state" targetObjective="Objective_cf5ax48w778ai6bswgsk1y224" type="dep:Dependency" />
    <olc:dependency name="undefined" id="Dependency_9pkmbc9ushnrph9r12g71f69i" sourceObjective="Objective_cf5ax48w778ai6bswgsk1y224" targetObjective="Objective_63smx9y6lmhmdug1vflicg3lc" type="dep:Dependency" />
    <olc:dependency name="undefined" id="Dependency_301pg1sz2yxrxxgy9rvvy64m4" sourceObjective="Objective_e33evq388o7vsrj57ev6oq8eb" targetObjective="Objective_63smx9y6lmhmdug1vflicg3lc" type="dep:Dependency" />
    <olc:dependency name="undefined" id="Dependency_ao649ge3h26xwmpv7owqslwha" sourceObjective="start_state" targetObjective="Objective_e33evq388o7vsrj57ev6oq8eb" type="dep:Dependency" />
  </olc:goal>
</olc:definitions>
