<?xml version="1.0" encoding="UTF-8"?>
<om:definitions xmlns:om="http://tk/schema/od" xmlns:odDi="http://tk/schema/odDi" xmlns:dc="http://www.omg.org/spec/DD/20100524/DC">
  <om:odBoard id="Board">
    <om:object id="Object_0qeh685" classRef="Object_0g1grzv" />
    <om:object id="Object_13r57av" classRef="Object_15yyklw" instance="ObjectInstance_0vf7225">
      <om:links>Link_1ds2scb</om:links>
    </om:object>
    <om:link id="Link_1ds2scb" sourceRef="Object_13r57av" targetRef="Object_0qeh685" />
  </om:odBoard>
  <om:odBoard id="OdBoard_10z12mi">
    <om:object id="Object_0gr0rmg" states="State_airtijewbo07s0tpuc36njgzc" classRef="Object_0jrqx7d" />
  </om:odBoard>
  <om:odBoard id="OdBoard_0dlhvpw">
    <om:object id="Object_07n9x2e" classRef="Object_1ttsqfe">
      <om:links>Link_1mhqsrb</om:links>
      <om:links>Link_10a977q</om:links>
    </om:object>
    <om:object id="Object_05pa8rv" states="State_9wp0ef4jfe257qkquh4hh2gzl State_4avzap8sn3wgjvai416luhxml" classRef="Object_15yyklw" instance="ObjectInstance_0sjgot5">
      <om:links>Link_1ehha3b</om:links>
      <om:links>Link_0wvpepx</om:links>
      <om:links>Link_0xkqcb8</om:links>
    </om:object>
    <om:object id="Object_1b2jygy" classRef="Object_1eyc0p9" instance="ObjectInstance_0wdwuin" />
    <om:object id="Object_1yv7zly" states="State_2scyi3y6820o5vxia4ywwce9j" classRef="Object_0g1grzv" />
    <om:object id="Object_0jsfjp5" states="State_dwpyq40pzio40asqoiav7vjxq" classRef="Object_1hu4yfy" />
    <om:link id="Link_1mhqsrb" sourceRef="Object_07n9x2e" targetRef="Object_05pa8rv" />
    <om:link id="Link_1ehha3b" sourceRef="Object_05pa8rv" targetRef="Object_1b2jygy" />
    <om:link id="Link_0wvpepx" sourceRef="Object_05pa8rv" targetRef="Object_1yv7zly" />
    <om:link id="Link_0xkqcb8" sourceRef="Object_05pa8rv" targetRef="Object_0jsfjp5" />
    <om:object id="Object_1x7i8md" states="State_9wp0ef4jfe257qkquh4hh2gzl" classRef="Object_15yyklw" instance="ObjectInstance_0vf7225" />
    <om:link id="Link_10a977q" sourceRef="Object_07n9x2e" targetRef="Object_1x7i8md" />
  </om:odBoard>
  <om:odBoard id="OdBoard_0j74tfs">
    <om:object id="Object_0782hcx" states="State_1m6wr2auidopyd43nfj0ahgww" classRef="Object_1ttsqfe" />
  </om:odBoard>
  <om:objectInstance name="house0" id="ObjectInstance_066dowi" classRef="Object_1ttsqfe" />
  <om:objectInstance name="apartment0" id="ObjectInstance_03vz0lj" classRef="Object_15yyklw" />
  <om:objectInstance name="apartment1" id="ObjectInstance_1iuukks" classRef="Object_15yyklw" />
  <om:objectInstance name="Kitchen 1" id="ObjectInstance_0wdwuin" classRef="Object_1eyc0p9" />
  <om:objectInstance name="Apartment1" id="ObjectInstance_0sjgot5" classRef="Object_15yyklw" />
  <om:objectInstance name="House 1" id="ObjectInstance_14w44xg" classRef="Object_1ttsqfe" />
  <om:objectInstance name="Apartment2" id="ObjectInstance_0vf7225" classRef="Object_15yyklw" />
  <odDi:odRootBoard id="StartBoard" name="Objective 1" objectiveRef="start_state">
    <odDi:odPlane id="Plane" boardElement="Board">
      <odDi:odShape id="Object_0qeh685_di" boardElement="Object_0qeh685">
        <dc:Bounds x="560" y="250" width="150" height="70" />
      </odDi:odShape>
      <odDi:odShape id="Object_13r57av_di" boardElement="Object_13r57av">
        <dc:Bounds x="310" y="250" width="190" height="70" />
      </odDi:odShape>
      <odDi:link id="Link_1ds2scb_di" boardElement="Link_1ds2scb">
        <odDi:waypoint x="500" y="285" />
        <odDi:waypoint x="560" y="285" />
      </odDi:link>
    </odDi:odPlane>
  </odDi:odRootBoard>
  <odDi:odRootBoard id="OdRootBoard_0viv6wj" name="Objective 2" objectiveRef="Objective_cf5ax48w778ai6bswgsk1y224">
    <odDi:odPlane id="OdPlane_1aazep4" boardElement="OdBoard_10z12mi">
      <odDi:odShape id="Object_0gr0rmg_di" boardElement="Object_0gr0rmg">
        <dc:Bounds x="320" y="180" width="150" height="90" />
      </odDi:odShape>
    </odDi:odPlane>
  </odDi:odRootBoard>
  <odDi:odRootBoard id="OdRootBoard_09yurie" name="Objective 3" objectiveRef="Objective_e33evq388o7vsrj57ev6oq8eb">
    <odDi:odPlane id="OdPlane_1kzhx7y" boardElement="OdBoard_0dlhvpw">
      <odDi:link id="Link_10a977q_di" boardElement="Link_10a977q">
        <odDi:waypoint x="285" y="260" />
        <odDi:waypoint x="285" y="335" />
        <odDi:waypoint x="403" y="335" />
      </odDi:link>
      <odDi:link id="Link_0xkqcb8_di" boardElement="Link_0xkqcb8">
        <odDi:waypoint x="600" y="250" />
        <odDi:waypoint x="620" y="250" />
        <odDi:waypoint x="620" y="395" />
        <odDi:waypoint x="670" y="395" />
      </odDi:link>
      <odDi:link id="Link_0wvpepx_di" boardElement="Link_0wvpepx">
        <odDi:waypoint x="598" y="240" />
        <odDi:waypoint x="640" y="240" />
        <odDi:waypoint x="640" y="315" />
        <odDi:waypoint x="670" y="315" />
      </odDi:link>
      <odDi:link id="Link_1ehha3b_di" boardElement="Link_1ehha3b">
        <odDi:waypoint x="598" y="225" />
        <odDi:waypoint x="670" y="225" />
      </odDi:link>
      <odDi:link id="Link_1mhqsrb_di" boardElement="Link_1mhqsrb">
        <odDi:waypoint x="360" y="235" />
        <odDi:waypoint x="403" y="235" />
      </odDi:link>
      <odDi:odShape id="Object_07n9x2e_di" boardElement="Object_07n9x2e">
        <dc:Bounds x="210" y="190" width="150" height="70" />
      </odDi:odShape>
      <odDi:odShape id="Object_05pa8rv_di" boardElement="Object_05pa8rv">
        <dc:Bounds x="403" y="190" width="195" height="70" />
      </odDi:odShape>
      <odDi:odShape id="Object_1b2jygy_di" boardElement="Object_1b2jygy">
        <dc:Bounds x="670" y="190" width="150" height="70" />
      </odDi:odShape>
      <odDi:odShape id="Object_1yv7zly_di" boardElement="Object_1yv7zly">
        <dc:Bounds x="670" y="270" width="150" height="70" />
      </odDi:odShape>
      <odDi:odShape id="Object_0jsfjp5_di" boardElement="Object_0jsfjp5">
        <dc:Bounds x="670" y="350" width="150" height="70" />
      </odDi:odShape>
      <odDi:odShape id="Object_1x7i8md_di" boardElement="Object_1x7i8md">
        <dc:Bounds x="403" y="290" width="195" height="70" />
      </odDi:odShape>
    </odDi:odPlane>
  </odDi:odRootBoard>
  <odDi:odRootBoard id="OdRootBoard_1ybo2t6" name="Objective 4" objectiveRef="Objective_63smx9y6lmhmdug1vflicg3lc">
    <odDi:odPlane id="OdPlane_0q0tk0r" boardElement="OdBoard_0j74tfs">
      <odDi:odShape id="Object_0782hcx_di" boardElement="Object_0782hcx">
        <dc:Bounds x="310" y="130" width="150" height="90" />
      </odDi:odShape>
    </odDi:odPlane>
  </odDi:odRootBoard>
</om:definitions>
