<?xml version="1.0" encoding="UTF-8"?>
<olc:definitions xmlns:olc="http://bptlab/schema/olc" xmlns:olcDi="http://bptlab/schema/olcDi">
  <olc:olc name="House" id="Olc_3rvn7dlwhq75g9cz86wnn28uq" classRef="Object_1ttsqfe">
    <olc:state name="started" id="State_81ml5adl4xt9fsg6zpul86sds" type="olc:State" x="0" y="-50" />
    <olc:state name="finished" id="State_1m6wr2auidopyd43nfj0ahgww" type="olc:State" x="150" y="-50" />
    <olc:transition id="Transition_38x62bbp53r68mg0s60qxxt42" sourceState="State_81ml5adl4xt9fsg6zpul86sds" targetState="State_1m6wr2auidopyd43nfj0ahgww" type="olc:Transition" source="[object Object]" target="[object Object]" waypoints="[object Object],[object Object]" />
  </olc:olc>
  <olc:olc name="Apartment" id="Olc_b6ryl9t1tanxea9ub91x1hvtc" classRef="Object_15yyklw">
    <olc:state name="finished" id="State_4uwnbx4298f1c9rts0yo462fk" type="olc:State" x="317" y="-44" />
    <olc:state name="painted" id="State_9wp0ef4jfe257qkquh4hh2gzl" type="olc:State" x="150" y="-142" />
    <olc:state name="tiles laid" id="State_4avzap8sn3wgjvai416luhxml" type="olc:State" x="152" y="15" />
    <olc:state name="init" id="State_4a0drunhu9bkksezajbl1wyag" type="olc:State" x="-12" y="-52" />
    <olc:transition id="Transition_1illie7ij3rz5wx6l2a5lfvfj" sourceState="State_4a0drunhu9bkksezajbl1wyag" targetState="State_4avzap8sn3wgjvai416luhxml" type="olc:Transition" source="[object Object]" target="[object Object]" waypoints="[object Object],[object Object]" />
    <olc:transition id="Transition_1d8d4fv5v5pc4tgled8ozrlto" sourceState="State_9wp0ef4jfe257qkquh4hh2gzl" targetState="State_4avzap8sn3wgjvai416luhxml" type="olc:Transition" source="[object Object]" target="[object Object]" waypoints="[object Object],[object Object]" />
    <olc:transition id="Transition_esgl1rurb32xc3pjq84pyfnn5" sourceState="State_4avzap8sn3wgjvai416luhxml" targetState="State_9wp0ef4jfe257qkquh4hh2gzl" type="olc:Transition" source="[object Object]" target="[object Object]" waypoints="[object Object],[object Object]" />
    <olc:transition id="Transition_c1mvjvj8i6m22k9984z9ivvtu" sourceState="State_4a0drunhu9bkksezajbl1wyag" targetState="State_9wp0ef4jfe257qkquh4hh2gzl" type="olc:Transition" source="[object Object]" target="[object Object]" waypoints="[object Object],[object Object]" />
    <olc:transition id="Transition_0674hq19a07kxiyiuybuvgrp4" sourceState="State_9wp0ef4jfe257qkquh4hh2gzl" targetState="State_4uwnbx4298f1c9rts0yo462fk" type="olc:Transition" source="[object Object]" target="[object Object]" waypoints="[object Object],[object Object]" />
    <olc:transition id="Transition_65ytdkn1j9e6k791nkbio1jh6" sourceState="State_4avzap8sn3wgjvai416luhxml" targetState="State_4uwnbx4298f1c9rts0yo462fk" type="olc:Transition" source="[object Object]" target="[object Object]" waypoints="[object Object],[object Object]" />
  </olc:olc>
  <olc:olc name="Paint" id="Olc_3zlm7m5egvdxfrm0rpotio1x7" classRef="Object_0g1grzv">
    <olc:state name="yellow" id="State_brohn39b3fjroanbmnvrrelhv" type="olc:State" x="0" y="-50" />
    <olc:state name="green" id="State_2scyi3y6820o5vxia4ywwce9j" type="olc:State" x="150" y="-50" />
  </olc:olc>
  <olc:olc name="Tiles" id="Olc_5qj0rbvqe65q4ngjbmofdgvnc" classRef="Object_1hu4yfy">
    <olc:state name="laid" id="State_dwpyq40pzio40asqoiav7vjxq" type="olc:State" x="0" y="-50" />
  </olc:olc>
  <olc:olc name="Kitchen" id="Olc_6mw8qspee2zr55hbgmejdxfvr" classRef="Object_1eyc0p9">
    <olc:state name="installed" id="State_a2lqmfn70m7v0dhh0my7v3f5o" type="olc:State" x="6" y="20" />
  </olc:olc>
  <olc:olc name="Staircase" id="Olc_61o9ung9h9833m5i4nj7p034o" classRef="Object_0jrqx7d">
    <olc:state name="painted" id="State_airtijewbo07s0tpuc36njgzc" type="olc:State" x="145" y="-49" />
    <olc:state name="init" id="State_1vxbd6hzu9mhzv789izuhrpyj" type="olc:State" x="-31" y="-49" />
    <olc:transition id="Transition_3bxb1203gt07i4rrpzbmhgclp" sourceState="State_1vxbd6hzu9mhzv789izuhrpyj" targetState="State_airtijewbo07s0tpuc36njgzc" type="olc:Transition" source="[object Object]" target="[object Object]" waypoints="[object Object],[object Object]" />
  </olc:olc>
</olc:definitions>
